News Title,News Date
"Indofarma (INAF) Resmi Rombak Petinggi, Angkat Agus Heru Jadi Dirut",30 Januari 2023 17:42 WIB
"10 Saham Top Losers Sepekan, Ada Emiten Farmasi BUMN INAF",07 Januari 2023 08:36 WIB
"Penjualan Turun, Rugi Indofarma (INAF) Capai Rp183 Miliar Kuartal III/2022",24 November 2022 11:00 WIB
"Penjualan Turun, Indofarma (INAF) Berbalik Rugi Rp90,71 Miliar",16 Agustus 2022 19:18 WIB
HISTORIA BISNIS : INAF Ekspansi Apotek,29 Juli 2022 02:00 WIB
Historia Bisnis: Kala Indofarma (INAF) Gencar Akuisisi Apotek,22 Juli 2022 17:35 WIB
KLBF dan INAF di Persimpangan Endemi,06 Juni 2022 11:46 WIB
Simak Rencana Indofarma (INAF) saat Covid-19 Transisi ke Fase Endemi,05 Juni 2022 08:21 WIB
Menkes Budi Ancam Bekukan Izin Obat yang Tidak Menggunakan Bahan Lokal,02 Juni 2022 13:05 WIB
RESTRUKTURISASI UTANG : INAF Andalkan Pinjaman Induk Usaha,02 Juni 2022 02:00 WIB
"Bayar Utang, Indofarma (INAF) Pakai Pinjaman dari Bio Farma Rp355 Miliar",31 Mei 2022 14:57 WIB
"Banting Setir Bisnis Alkes dan Herbal, Begini Rencana Bisnis Indofarma (INAF) Tahun Ini",31 Mei 2022 14:10 WIB
"Indofarma (INAF) Mengebon Rp355 Miliar ke Bio Farma, Buat Apa?",23 April 2022 12:22 WIB
"Pendapatan Indofarma (INAF) Tumbuh Tapi Berbalik Rugi pada 2021, Kok Bisa?",20 April 2022 09:47 WIB
"Begini Khasiat Avimac, Suplemen yang Diproduksi Neumedik Indonesia",19 Maret 2022 10:46 WIB
Historia Bisnis : Grup Hary Tanoe Kejar Saham Indofarma (INAF),10 Januari 2022 10:20 WIB
"Suntikan 'Obat Kuat' BUMN Farmasi, Harga Saham Mantul Lagi di 2022?",30 Desember 2021 03:00 WIB
Begini Rencana Erick Thohir di Entitas Holding Farmasi INAF dan KAEF,27 Desember 2021 16:10 WIB
"Simak Rencana Bio Farma Menyambut 2022, Paket Lengkap Holding Farmasi",03 Desember 2021 17:15 WIB
"Bio Farma Sebut Pendapatan Naik 164 Persen, Berapa Kontribusi Urus Covid-19?",03 Desember 2021 16:01 WIB
DAMPAK PEMBENTUKAN HOLDING : INAF & KAEF Refocusing Bisnis,02 Desember 2021 02:00 WIB
Holding Farmasi Bikin Indofarma (INAF) Fokus Bisnis Alkes dan Herbal,01 Desember 2021 20:15 WIB
Indofarma (INAF) Tarik Dana PMN Rp199 Miliar untuk Belanja Modal 2022,01 Desember 2021 12:50 WIB
Bos Indofarma (INAF): Pandemi Pengalaman Tak Terlupakan,01 Desember 2021 08:20 WIB
"Intip Strategi Indofarma (INAF) Tahun Depan, Ada Bisnis dan Produk Baru",30 November 2021 20:55 WIB
"Indofarma (INAF) Sabet TOP BUMN Awards 2021, Perjalanan Panjang dari Rumah Sakit Pemerintah Hindia Belanda",30 November 2021 14:54 WIB
"Kuartal III/2021: Pendapatan Indofarma (INAF) Melejit 99,91 Persen",01 November 2021 12:59 WIB
Historia Bisnis : Investor Korsel & Singapura Incar Indofarma (INAF),22 Oktober 2021 13:30 WIB
Putar Otak INAF hingga PBID Hadapi Krisis Energi China,05 Oktober 2021 13:00 WIB
Catat! Harga Tes Antigen di 64 Stasiun Ini Turun Jadi Rp45 Ribu,23 September 2021 10:51 WIB
Kemenperin Bidik Impor Bahan Baku Obat Turun 40 Persen,13 September 2021 14:51 WIB
"Kinerja Indofarma (INAF) Bugar Semester I/2021, Apa Resepnya?",05 September 2021 18:43 WIB
"Indofarma (INAF) Dapat Suntikkan Dana Rp199,8 Miliar dari Bio Farma, Ini Keuntungannya",03 September 2021 10:55 WIB
PINJAMAN PEMEGANG SAHAM : Bio Farma Akan Suntik INAF,03 September 2021 02:00 WIB
KPK Kawal Pengadaan Vaksin Covovax dari India oleh Indofarma,02 September 2021 09:04 WIB
Jokowi: Kemandirian Industri Obat Jadi Kelemahan Serius. Kode Keras untuk KAEF & INAF?,16 Agustus 2021 12:14 WIB
Asa KLBF dan INAF Menjaga Kilau Kinerja Semester I/2021,02 Agustus 2021 05:30 WIB
Semester I/2021: Penjualan Indofarma (INAF) Melejit 90 Persen,01 Agustus 2021 15:43 WIB
Indofarma (INAF) Genjot Produksi Persediaan Obat Covid-19,30 Juli 2021 19:47 WIB
"Gandeng Indofarma, BTN Harapkan Kenaikan Kredit dan Dana Murah",16 Juli 2021 17:56 WIB
"Kena Sentimen Vaksin Individu Berbayar, Saham Farmasi Hijau Berjamaah",12 Juli 2021 13:12 WIB
"Indofarma (INAF) Mulai ""Ngegas"" Produksi Obat Covid-19",07 Juli 2021 16:36 WIB
"PPKM Darurat, KAI Tambah 45 Stasiun Layani Rapid Test Antigen",06 Juli 2021 09:25 WIB
Ngeri-ngeri Sedap Prospek Saham Emiten Farmasi Pelat Merah,06 Juli 2021 08:05 WIB
"Obat Covid-19 Mahal, Erick Thohir Perintahkan Farmasi BUMN Jaga Pasokan",05 Juli 2021 16:05 WIB
Indofarma: Harge Eceran Tertinggi Ivermectin Rp157.700,02 Juli 2021 13:19 WIB
DNR Resmi Didistribusikan Ivermectin Produksi Indofarma,30 Juni 2021 16:35 WIB
POLEMIK OBAT COVID-19 : Ivermectin Perlu Uji klinik,23 Juni 2021 02:00 WIB
"Indofarma (INAF) Produksi Obat Covid-19 Ivermectin 4 Juta Tablet per Bulan, Harga Rp5.000",22 Juni 2021 09:35 WIB
"Indofarma (INAF) Rilis Obat Terapi Pasien Covid-19, Harga Rp7.000",21 Juni 2021 16:55 WIB
"Kasus Covid-19 Melonjak, Ini Upaya Kementerian BUMN dan Indofarma (INAF)",21 Juni 2021 16:00 WIB
‘Virus’ Penyebab Saham Indofarma (INAF) Mandek Kala Kinerja Bugar,17 Juni 2021 10:33 WIB
PROSPEK EMITEN FARMASI : Momentum INAF Bersolek,17 Juni 2021 02:00 WIB
"Fundamental Kuat, tapi Mengapa Saham Indofarma (INAF) Terlalu Mahal?",16 Juni 2021 16:51 WIB
"Kinerja Positif, Begini Strategi Cuan Indofarma (INAF) Sepanjang 2021",15 Juni 2021 16:26 WIB
"Ekspor OBH Syrup ke Afghanistan, INAF Pede Target Ekspor Terlampaui",15 Juni 2021 15:01 WIB
EKSPANSI EMITEN FARMASI : INAF Kebut Pabrik Baru,21 Mei 2021 02:00 WIB
Kinerja Kuartal I/2021: Penjualan Indofarma (INAF) Tumbuh 152 Persen,20 Mei 2021 19:30 WIB
"Tangkap Peluang Bisnis, Indofarma (INAF) Bakal Bangun Banyak Pabrik Tahun Ini",20 Mei 2021 18:55 WIB
Hore! KAI Divre III Palembang Hadirkan GeNose C19 di Enam Stasiun,28 April 2021 12:47 WIB
"Laba Bersih Indofarma (INAF) Tergerus saat Pendapatan Naik, Manajemen Beri Penjelasan",28 April 2021 10:35 WIB
Indofarma Cari Investor di Pameran Hannover Messe,15 April 2021 11:30 WIB
Historia Bisnis : Wacana Merger KAEF dan INAF Rp5 Triliun,18 Maret 2021 13:00 WIB
"Penjualan IRRA Naik 100 Persen, Kemenkes dan Indofarma (INAF) Jadi Pelanggan Utama",19 Februari 2021 20:20 WIB
"Kasus Covid-19 di Kupang Melonjak, Kemenkes Kirim Mobil Laboratorium PCR",19 Februari 2021 07:45 WIB
Indofarma (INAF) Sebut Pasokan Masker dan APD Berlebih,16 Februari 2021 13:55 WIB
Indofarma (NAF) Targetkan Kontribusi Alat Kesehatan Naik 55 Persen,15 Februari 2021 23:01 WIB
VAKSINASI NASIONAL : BUMN Farmasi Berburu Ke Penjuru Dunia,03 Februari 2021 02:00 WIB
Induk INAF dan KAEF Putar Otak Pepet Semua Produsen Vaksin Dunia,01 Februari 2021 11:12 WIB
"10 Saham Top Losers 25 Januari 2021, Saham Farmasi Hingga Bank Mepet ARB",25 Januari 2021 17:13 WIB
"10 Saham Top Losers 14 Januari 2021, Rombongan Saham Farmasi Masuk Deretan",14 Januari 2021 17:47 WIB
Indofarma Perlu Fasilitas Tambahan untuk Distribusikan Pfizer,13 Januari 2021 18:29 WIB
"Valuasi Terlampau Mahal, Saham Farmasi Masih Diburu Investor",12 Januari 2021 18:20 WIB
"Vaksinasi Covid-19, Indofarma (INAF) Bakal Datangkan 50 Juta Vaksin Novavax",12 Januari 2021 16:41 WIB
"Itama Ranoraya (IRRA) Disuspensi, Bagaimana Saham KAEF dan INAF?",12 Januari 2021 12:58 WIB
"Jelang Vaksinasi Covid-19, Saham Farmasi BUMN Melejit",11 Januari 2021 12:43 WIB
"Babak Baru Vaksin Corona di Indonesia, Game Changer 2021",30 Desember 2020 19:47 WIB
Indonesia Resmi Beli 100 Juta Vaksin Covid-19 dari AstraZeneca dan Novavax,30 Desember 2020 13:53 WIB
Kimia Farma & Indofarma Perkuat Tes Covid-19 di Bandara Soetta,27 Desember 2020 12:59 WIB
Indofarma (INAF) Tunjuk Sekretaris Perusahaan Baru Usai Saham Melorot Sepekan,26 Desember 2020 08:58 WIB
"Gandeng Indofarma (INAF), Ini Jurus AP II Cegah Keramaian Tes Covid-19 di Bandara",20 Desember 2020 06:47 WIB
Historia Bisnis : Investor Indofarma (INAF) Diminta Setor Jaminan,16 Desember 2020 12:30 WIB
"Dapat Kontrak Baru Vaksin dari Amerika Serikat, Prospek Indofarma (INAF) Terjaga?",10 Desember 2020 18:52 WIB
Cendekiawan Muslim: Beribadah di Rumah Selama Pandemi Dianjurkan,10 Desember 2020 16:41 WIB
"5 Berita Populer Ekonomi, Ini Bocoran Pembagian Saham 4 BUMN di Indonesia Battery Holding dan 3. Akhirnya! Indofarma Pastikan Bisa Beli 130 Juta Dosis Vaksin Novavax",10 Desember 2020 15:42 WIB
"Indofarma (INAF) Dapat Vaksin Corona dari Novavax, Pengiriman Mulai Mei 2021",10 Desember 2020 07:22 WIB
Akhirnya! Indofarma Pastikan Bisa Beli 130 Juta Dosis Vaksin Novavax,09 Desember 2020 18:57 WIB
"Hati-hati Koreksi Saham Farmasi, Cek Dulu Level Resistensinya!",08 Desember 2020 19:08 WIB
"10 Saham Top Gainers 7 Desember 2020, Emiten Farmasi Mendominasi",07 Desember 2020 17:47 WIB
"Vaksin Tiba di Indonesia, Indofarma (INAF) Siapkan Infrastruktur Distribusi",07 Desember 2020 17:08 WIB
"Vaksin Covid-19 Tiba di Indonesia, KAEF dan INAF Siap Tancap Gas?",07 Desember 2020 05:00 WIB
ALAT KESEHATAN UNTUK VAKSIN : Indofarma Jamin Ketersediaan Jarum Suntik,07 Desember 2020 02:00 WIB
Ini Lokasi Baru Rapid Test di Soetta. Cek Layanannya,06 Desember 2020 17:43 WIB
Indofarma Pastikan Kebutuhan Alkes Vaksinasi Massal Terpenuhi,04 Desember 2020 13:47 WIB
"Ditopang Alkes Covid-19, Penjualan Indofarma Melejit",04 Desember 2020 11:28 WIB
"Okupansi RS Melandai, Serapan Obat Non Covid-19 Indofarma Turun",03 Desember 2020 23:17 WIB
"Ini Profil Bos Indofarma (INAF), Peraih The Best CEO BUMN 2020",30 November 2020 19:14 WIB
"Raih The Best CFO BUMN, Begini Sepak Terjang Dirkeu INAF Herry Triyatno",30 November 2020 18:59 WIB
"Indofarma (INAF), Berdiri Sejak 1918 hingga Visi Skala Global",30 November 2020 17:26 WIB
"Kinerja Indofarma (INAF) Membaik pada Kuartal III/2020, Bisa Laba Akhir Tahun?",20 November 2020 20:09 WIB
"Indofarma (INAF) Kejar Target Penjualan Rp1,6 Triliun",18 November 2020 20:37 WIB
Indofarma (INAF) Akan Fokus pada Penjualan Vaksin Covid-19 Tahun Depan,11 November 2020 23:47 WIB
Indofarma (INAF) Jajal Kerjasama Pengadaan Vaksin dengan Novavax,15 Oktober 2020 13:29 WIB
"Jokowi Minta 'Roadmap' Vaksinasi Dikebut, Saham BUMN Farmasi Kembali Melesat",12 Oktober 2020 12:26 WIB
"Bio Farma Dapat Tugas dari Jokowi, KAEF & INAF Terlibat",07 Oktober 2020 21:02 WIB
"Indofarma (INAF) Serap Capex Rp4,46 Miliar",05 Oktober 2020 18:19 WIB
"Indofarma Mulai Jual Obat Corona Remdesivir Rp1,3 Juta, Berapa Modalnya?",05 Oktober 2020 16:56 WIB
"Ganti Tes Rapid, Indofarma Dukung Pengadaan Tes Antigen",05 Oktober 2020 15:34 WIB
Daftar Obat Covid-9 Produksi Kimia Farma dan Indofarma yang Siap Digunakan,05 Oktober 2020 11:10 WIB
Indofarma Siapkan Stok 400.000 Obat Remdesivir Bulan Ini,05 Oktober 2020 11:05 WIB
"Sama-sama Jualan Obat Remdesivir, Begini Laju saham KLBF dan INAF",05 Oktober 2020 10:38 WIB
"Setelah Indofarma (INAF), Kimia Farma (KAEF) Siapkan Obat Corona",05 Oktober 2020 10:31 WIB
SENTIMEN SAHAM : Remdesivir Ungkit KLBF & INAF,05 Oktober 2020 02:00 WIB
Remdesivir Berpotensi Mengayun Saham Sektor Farmasi,04 Oktober 2020 21:32 WIB
"Ternyata, Ini Perbedaan Antivirus Kalbe Farma dan Indofarma",03 Oktober 2020 14:59 WIB
"Indofarma Siapkan 20.000 Antivirus, Ini Syarat Pengunaannya",03 Oktober 2020 13:27 WIB
Indofarma (INAF) Akan Jual Antivirus Desrem di Bawah Rp2 Juta,03 Oktober 2020 10:13 WIB
Anak Usaha Indofarma Siap Distribusi Vaksin Covid-19,28 September 2020 17:33 WIB
Erick Thohir Jelaskan Progres Vaksin Kimia Farma dan Indofarma,24 September 2020 10:25 WIB
6 Bulan Corona di Indonesia: Kejutan Emiten Farmasi di Masa Pandemi,02 September 2020 18:36 WIB
Erick Thohir: Indofarma Siapkan Fasilitas Test Covid-19 Super Cepat dan Murah  ,27 Agustus 2020 20:10 WIB
"Ada Perkembangan Vaksin Covid-19, Saham KAEF dan INAF Terbang Lagi",24 Agustus 2020 09:28 WIB
"Ada Perkembangan Terbaru Soal Vaksin, Akankah Saham KAEF dan INAF Terbang Pekan Depan?",22 Agustus 2020 15:15 WIB
"Bio Farma Uji Klinis Vaksin, Saham INAF dan KAEF Kompak Terdorong",11 Agustus 2020 14:46 WIB
"Gembok Suspensi Dibuka, Saham Kimia Farma (KAEF) & Indofarma (INAF) Melesat Lagi",10 Agustus 2020 12:47 WIB
"Gembok Saham KAEF dan INAF Dibuka Hari Ini, Akankah Kembali Diburu Investor?",10 Agustus 2020 06:31 WIB
75 Tahun Indonesia : Momen Krusial bagi Indofarma (INAF),09 Agustus 2020 14:53 WIB
"Pengumuman! Pekan Depan, Saham INAF dan KAEF Kembali Diperdagangkan",08 Agustus 2020 13:50 WIB
"Bursa Suspensi Saham Indofarma (INAF), Ini Kata Manajemen",07 Agustus 2020 19:47 WIB
"Bursa Suspensi 2 Saham BUMN Farmasi, Kimia Farma dan Indofarma",07 Agustus 2020 05:04 WIB
"IHSG Dibuka Menguat, Saham BUMN Farmasi Kembali Melesat",06 Agustus 2020 09:04 WIB
"10 Saham Top Gainers pada 5 Agustus, Emiten Farmasi Merajai",06 Agustus 2020 05:51 WIB
"Direksi Indofarma (INAF) Jual Seluruh Saham, Berapa Nilainya?",05 Agustus 2020 20:15 WIB
"Erick Thohir Pastikan Produksi Vaksin Covid pada 2020, Saham KAEF dan INAF Bugar Lagi",05 Agustus 2020 09:56 WIB
"Harga Saham Sama-sama Meroket, Kinerja Kimia Farma (KAEF) dan Indofarma (INAF) Berbeda Nasib",03 Agustus 2020 20:22 WIB
"Tahan Laba, Indofarma (INAF) Absen Bagi Dividen",29 Juli 2020 22:12 WIB
Erick Thohir Angkat Stafsus Menteri Terawan Jadi Komisaris di Kimia Farma dan Indofarma,29 Juli 2020 22:01 WIB
"Usai Terbang, Saham KAEF dan INAF Terhempas hingga Kena Auto Reject",28 Juli 2020 14:47 WIB
"10 Saham Paling Cuan 23 Juli, Emiten Farmasi Kuasai Papan Atas",23 Juli 2020 17:14 WIB
Lagi-Lagi! 4 Emiten Farmasi ARA Sejak Awal Perdagangan,23 Juli 2020 10:07 WIB
"Saham Farmasi Lanjutkan Reli, IHSG Menguat",22 Juli 2020 09:32 WIB
"IHSG Ditutup Menguat 1,26 Persen, Saham BUMN Farmasi Paling Melonjak",21 Juli 2020 15:12 WIB
"Penutupan Sesi I, Semua Emiten Farmasi Berjaya",21 Juli 2020 12:13 WIB
"Saham BUMN Farmasi Melejit, Terpantik Uji Coba Vaksin Covid-19",21 Juli 2020 12:12 WIB
"Saham Kimia Farma (KAEF) dan Indofarma (INAF) Melesat Lebih dari 15 Persen, Ada Apa Ya?",21 Juli 2020 09:22 WIB
"Incar Laba Bersih, Indofarma (INAF) Giatkan Bisnis Alkes",21 Juli 2020 08:44 WIB
"KABAR EMITEN: Emiten Sawit Kian Prospektif, Bisnis Alkes Bakal Topang Kinerja INAF",21 Juli 2020 07:47 WIB
EMITEN FARMASI : Bisnis Alkes Bakal Topang Kinerja INAF,21 Juli 2020 02:00 WIB
Indofarma (INAF) Sediakan Layanan Bergerak RT-PCR Covid-19 ,20 Juli 2020 22:42 WIB
Bisnis Alkes Bakal Topang Kinerja Indofarma (INAF),20 Juli 2020 17:49 WIB
Indofarma (INAF) Bakal Distribusikan Vaksin Covid-19,20 Juli 2020 16:38 WIB
PROYEKSI KINERJA EMITEN : INAF Bidik Profit,09 Juli 2020 02:00 WIB
"Penjualan Alkes Melonjak, Indofarma (INAF) Optimistis Mampu Cetak Laba",08 Juli 2020 13:15 WIB
"3 Tahun Menderita Rugi, Indofarma (INAF) Akhirnya Meraup Laba",08 Juli 2020 12:04 WIB
Tiga Emiten Farmasi Kompak Tambah Lini Produk,05 Juli 2020 16:03 WIB
"Direksi Indofarma (INAF) Beberkan Alasan Rugi Kuartal I, Lebih Optimis Semester II",04 Mei 2020 17:59 WIB
"Kinerja Kuartal I/2020 : Indofarma (INAF) Rugi Rp21,24 Miliar",04 Mei 2020 03:23 WIB
"BUMN Produksi Ventilator, 70 Persen Bahan Baku di Dalam Negeri",27 April 2020 08:49 WIB
"Beri Sinyal Soal Laba, Saham Indofarma (INAF) Melonjak 7,69 Persen",22 April 2020 12:34 WIB
KINERJA EMITEN FARMASI : INAF Bisa Kembali Profit,22 April 2020 02:00 WIB
Geliat Indofarma (INAF) Produksi Alat Kesehatan dari Dalam Negeri,21 April 2020 19:17 WIB
"Restrukturisasi Utang, Indofarma Hemat Beban Bunga Rp30 Miliar",21 April 2020 16:00 WIB
"Setelah Tiga Tahun Beruntun Rugi, Indofarma (INAF) Pede Cetak Profit",21 April 2020 15:11 WIB
Pemerintah Dorong BUMN Bantu Produksi Ventilator Lokal,16 April 2020 21:14 WIB
PROSPEK SEKTORAL : Emiten Farmasi Masih Seksi,15 April 2020 02:00 WIB
Saham Dua Emiten Farmasi Kebal Koreksi,14 April 2020 19:31 WIB
Saham BUMN Farmasi Pimpin Lonjakan Indeks Sektor Konsumer,26 Maret 2020 13:26 WIB
"Kebutuhan APD Tinggi, Indofarma Ikutan Produksi",26 Maret 2020 12:56 WIB
"KABAR EMITEN: Proyek RUIS & TGRA Terganjal, Jurus Melawan Bear Market",23 Maret 2020 07:01 WIB
WABAH COVID-19: Geliat Borong Alat Kesehatan ala Indofarma,23 Maret 2020 02:00 WIB
"Permintaan Tinggi, Indofarma (INAF) Importasi 100.000 Paket Rapid Test Virus Corona",22 Maret 2020 14:57 WIB
Pembuatan Rapid Test Corona Butuh Waktu Sebulan,19 Maret 2020 18:02 WIB
"Pekan Depan, Indofarma Datangkan 100.000 Rapid Test Corona",19 Maret 2020 16:21 WIB
Dua Produsen Farmasi Ini Pastikan Operasional Pabrik Normal,17 Maret 2020 18:33 WIB
"Permintaan Alkes Naik, Indofarma (INAF) Pastikan Pasokan Terjamin",16 Maret 2020 08:10 WIB
"Jelang Sesi I Berakhir, Saham Emiten Farmasi Berjaya",04 Maret 2020 11:09 WIB
"Meski Naik Signifikan, KAEF dan INAF Tak Lantas Jadi Favorit",02 Maret 2020 16:38 WIB
Indofarma dan Mylan Luncurkan Obat Kanker Payudara di Indonesia,18 Februari 2020 17:39 WIB
EDITORIAL : Babak Baru Holding BUMN Farmasi,07 Februari 2020 02:00 WIB
Indofarma Ingin Utilisasi Pabrik Herbal Maksimal,06 Februari 2020 14:13 WIB
Indofarma (INAF) Kembangkan Kawasan Industri Khusus Alkes di Cibitung,06 Februari 2020 09:28 WIB
PEMBENTUKAN HOLDING PELAT MERAH : BUMN Farmasi Tekan Impor,06 Februari 2020 02:00 WIB
"Ada Holding BUMN Farmasi, Ini Harapan Indofarma (INAF)",05 Februari 2020 22:23 WIB
"Indofarma (INAF) Jual Aset Kantor dan Gudang Rp42,5 Miliar",31 Desember 2019 17:13 WIB
"Kejar Laba, Indofarma (INAF) Pacu Segmen Reguler",04 November 2019 18:21 WIB
Kinerja Emiten BUMN Tertekan Kondisi Makro,04 November 2019 04:38 WIB
Laba Anak Holding BUMN Farmasi Masih Tertekan Hingga Kuartal Ketiga,03 November 2019 15:46 WIB
KMK PENGALIHAN SAHAM PEMERINTAH : Holding BUMN Farmasi Siap Tancap Gas,25 Oktober 2019 02:00 WIB
KAEF dan INAF Resmi Masuk Holding BUMN Farmasi,20 Oktober 2019 14:31 WIB
"Melesat Lebih dari 600 Persen dalam 5 Tahun, Kinerja Saham INAF Dinilai Irasional",16 Oktober 2019 11:13 WIB
"Ranitidin Ditarik, Begini Komentar Ketua Yayasan Kanker",09 Oktober 2019 00:59 WIB
"Obat Maag Ranitidin Ditarik, Ini Kata Indofarma (INAF)",08 Oktober 2019 08:13 WIB
PENARIKAN RANIDITIN : PEHA & INAF Pede Kinerja Penjualan Aman,08 Oktober 2019 02:00 WIB
"JV Ditunda, Indofarma (INAF) Hanya Akan Serap Capex 15 Persen",19 September 2019 04:00 WIB
EMITEN FARMASI PELAT MERAHn : Berharap Holding Jadi Sentimen Positifn,04 September 2019 02:00 WIB
"Antam, Jasindo, dan Indofarma Sumbangkan Hasil Pasar Murah ke Sarana Ibadah",29 Agustus 2019 13:46 WIB
Kementerian BUMN: RUPSLB Kimia Farma (KAEF) dan Indofarma (INAF) Bahas Holding Farmasi,29 Agustus 2019 07:20 WIB
"Indofarma (INAF) Gelar RUPSLB, Persiapan Holding BUMN Farmasi?",28 Agustus 2019 16:40 WIB
Dua Emiten Farmasi BUMN Umumkan Rencana RUPSLB. Apa Agendanya?,27 Agustus 2019 17:04 WIB
"KINERJA EMITEN : Semester I/2019, Indofarma (INAF) Catatkan Rugi Rp24,35 Miliar",31 Juli 2019 12:15 WIB
"DIREKTUR UTAMA PT INDOFARMA (PERSERO) TBK., ARIEF PRAMUHANTO : “Kami harus Buat Sejarah”",12 Juli 2019 13:29 WIB
Indofarma (INAF) Akan Luncurkan Obat Kanker pada Tahun Depan,12 Juli 2019 07:19 WIB
STRATEGI USAHA : INAF Mulai Sasar Pasar Reguler,12 Juli 2019 02:00 WIB
"DIREKTUR UTAMA PT INDOFARMA (PERSERO) TBK., ARIEF PRAMUHANTO : “Strategi Bagus Tanpa Eksekusi, Percuma”",08 Juli 2019 02:00 WIB
KIAT MANAJEMEN : Menimba Ilmu Baru dari Balik Meja Meeting,08 Juli 2019 02:00 WIB
GP Farmasi : Rendah Investasi Bukan Lantaran Permenkes 1010,03 Juli 2019 15:40 WIB
STRATEGI KORPORASI : Indofarma Perbaiki Portofolio,08 Mei 2019 02:00 WIB
"Kejar Laba, Indofarma (INAF) Perbaiki Portofolio",07 Mei 2019 15:40 WIB
Indofarma (INAF) Tunjuk Dirut Baru,07 Mei 2019 14:09 WIB
INDUSTRI KEMASAN : Industri Kemasan Obat Digenjot,25 April 2019 02:00 WIB
"5 Terpopuler Market, 4 Surat Utang yang Jatuh Tempo Pekan Ini dan Rekonsiliasi AISA Demi Selesaikan Kegaduhan",08 April 2019 11:56 WIB
Menilik Peluang Indofarma (INAF) & Krakatau Steel (KRAS) Cetak Untung,08 April 2019 10:27 WIB
"AKSI EMITEN 8 APRIL: Emiten Pelayaran Menerjang Ombak, Ambisi INAF & KRAS Mencetak Untung",08 April 2019 08:25 WIB
PROSPEK EMITEN : Ambisi INAF & KRAS Mencetak Untung,08 April 2019 02:00 WIB
Indofarma (INAF) Incar Laba Rp8 Miliar Selama 2019,05 April 2019 20:03 WIB
"KINERJA 2018 : Rugi Indofarma (INAF) Menyusut Jadi Rp32,74 Miliar",02 April 2019 09:21 WIB
"Pengembangan Alat Kesehatan, Indofarma (INAF) Gandeng Boseong",23 Januari 2019 20:32 WIB
Indofarma Tunjuk Fors Fortis Medika Distributor Tunggal Alat Kesehatan,19 Januari 2019 20:18 WIB
Pengusaha Farmasi Minta Alokasi Pembayaran Khusus dalam Sistem Jaminan Kesehatan Nasional,19 Januari 2019 14:16 WIB
"Ini Proyeksi Analis untuk GIAA, KRAS, dan INAF",16 Januari 2019 14:25 WIB
"KINERJA BUMN : GIAA, KRAS, dan INAF Yakin Cetak Untung",16 Januari 2019 02:00 WIB
Kimia Farma dan Indofarma Diminta Ikut Lelang Obat AIDS,11 Januari 2019 03:08 WIB
"AKSI EMITEN 27 DESEMBER: PEHA dan INAF Semakin Agresif, TINS Kerek Capex 28%",27 Desember 2018 09:17 WIB
ekspansi emiten farmasi 2019 : PEHA & INAF Semakin Agresif,27 Desember 2018 02:00 WIB
Indofarma & Perusahaan Korsel Bentuk Patungan Senilai Rp200 Miliar,26 Desember 2018 16:19 WIB
INAF Incar Penjualan Hingga 15% Tahun Depan,26 Desember 2018 14:24 WIB
"Semester I/2018, Indofarma (INAF) Kembali Catat Untung",31 Juli 2018 08:53 WIB
STRATEGI KORPORASI : INAF Serius Meracik Untung,23 Juli 2018 02:00 WIB
"Indofarma (INAF) Ganti Logo Perusahaan, Ini Alasannya",22 Juli 2018 20:58 WIB
"Kuartal I/2018, Indofarma (INAF) Tekan Kerugian 75%",22 Juli 2018 20:51 WIB
EMITEN FARMASI : INAF Pacu Produk Bermargin Tebal,20 Juli 2018 02:00 WIB
"INKP & TRAM Masuk MSCI, Pasar Langsung Merespons",15 Mei 2018 15:34 WIB
"KINERJA 2017: Rugi Indofarma (INAF) Membengkak 166,58%",28 Maret 2018 15:00 WIB
"Asabri Genggam 7,054% Saham Indofarma (INAF)",04 Januari 2018 17:05 WIB
BELANJA MODAL 2018 : INAF Alokasikan Rp165 Miliar,27 Desember 2017 02:00 WIB
"AKSI EMITEN 20 DESEMBER: INAF Yakin Raup Untung, Bumi Minerals Siap Investasi US$424 Juta",20 Desember 2017 09:23 WIB
KINERJA KEUANGAN 2018 : INAF Yakin Raup Untung,20 Desember 2017 02:00 WIB
STRATEGI EMITEN : Saat INAF Bertransformasi,28 November 2017 02:00 WIB
PT Indofarma Lakukan Pembenahan Bisnis,26 November 2017 17:45 WIB
"PENGEMBANGAN USAHA : 2018, INAF Incar Dana Segar Rp100 Miliar",07 November 2017 02:00 WIB
BAHAN BAKU OBAT: Kemenperin Bentuk Tim Kaji TKDN,22 Mei 2017 02:00 WIB
Pendapatan Indofarma Tumbuh Tipis,18 Mei 2017 03:11 WIB
KINERJA KUARTAL I : INAF Masih Dibelit Kerugian,18 Mei 2017 02:00 WIB
Indofarma Masih Dibelit Kerugian,17 Mei 2017 20:16 WIB
"2017, Indofarma (INAF) Anggarkan Belanja Modal Rp68 Miliar",20 April 2017 14:23 WIB
Rusdi Rosman Ditunjuk Jadi Dirut Indofarma (INAF),20 April 2017 14:08 WIB
3 BUMN Gelar RUPS Tahunan Hari Ini (20/4/2017),20 April 2017 07:56 WIB
"2017, Indofarma (INAF) Incar Laba Rp15 Miliar",06 April 2017 06:15 WIB
"Harga Sahamnya Meroket, Ini Penjelasan Indofarma (INAF) Soal Kepemilikan Asabri",05 April 2017 18:05 WIB
"Naik 12,42% Dalam Seminggu, Saham INAF Masuk UMA",30 Maret 2017 13:40 WIB
"2016, Indofarma (INAF) Rugi Rp17,36 Miliar",27 Maret 2017 10:59 WIB
"TOP GAINERS 3 MARET: Saham Indofarma Meroket 24,79%",03 Maret 2017 17:56 WIB
The Magnificent Seven Kini Terdiskon,22 Februari 2017 11:05 WIB
Investor Ambil Untung Saham Plat Merah,21 Februari 2017 23:03 WIB
TOP LOSERS 23 JANUARI: Saham Indofarma Terjerembap 25%,23 Januari 2017 17:25 WIB
Saham INAF Bergerak Tak Wajar,10 Januari 2017 08:27 WIB
Indofarma (INAF) Bidik Kenaikan Laba 4 Kali Lipat,28 Desember 2016 10:00 WIB
"EMITEN: Meski Pendapatan Bertumbuh, Indofarma Masih Merugi",29 Juli 2016 23:42 WIB
"LAPORAN KEUANGAN: Indofarma Rugi Rp27,86 Miliar",29 Juli 2016 18:14 WIB
EMITEN FARMASI INAF: Tertolong Penguatan Rupiah,13 Mei 2016 08:46 WIB
Indofarma (INAF): Kinerja Kuartal Pertama Belum Sejalan Target,26 April 2016 03:20 WIB
TOP GAINERS 7 APRIL: Saham Antam Paling Melesat,07 April 2016 18:00 WIB
"Indofarma (INAF) Incar Pertumbuhan Aset 10,95%",02 April 2016 16:50 WIB
Indofarma (INAF) Bidik Kontribusi Penjualan Produk Herbal Naik Jadi 10%,16 Maret 2016 08:50 WIB
"Laba Indofarma Melambung 3,5 Kalilipat",11 Maret 2016 16:48 WIB
TOP GAINERS 20 Januari: Saham Indofarma Melonjak,20 Januari 2016 17:55 WIB
TOP GAINERS 20 Januari: Saham Indofarma Melonjak Kuat,20 Januari 2016 17:54 WIB
TOP GAINERS 15 Januari: INAF Melesat Paling Kuat,15 Januari 2016 20:13 WIB
Indofarma Siapkan Capex Rp269 Miliar,29 Desember 2015 05:35 WIB
Indofarma Incar Penjualan Bahan Baku Obat Herbal Hingga Rp400 Miliar,28 Desember 2015 12:55 WIB
Rencana Konsolidasi BUMN Farmasi Kembali Digulirkan,17 Desember 2015 19:33 WIB
OBAT GENERIK: Indofarma Setuju Harga Obat Generik Bermerek Dikenai Batas Atas,19 November 2015 20:30 WIB
"Rupiah Tembus Rp14.000, Indofarma Tak Ubah Target",25 Agustus 2015 05:33 WIB
INDOFARMA (INAF) Tunda Private Placement Anak Usaha,19 Mei 2015 23:50 WIB
Indofarma (INAF) Berharap Harga Obat Generik Dinaikkan,11 Februari 2015 05:51 WIB
INAF Kaji Investor Lain untuk Anak Usaha,10 Februari 2015 13:57 WIB
Indofarma Bantah Komisarisnya Terjerat Kasus Penyalahgunaan Pajak,22 Januari 2015 12:10 WIB
Kementerian BUMN Bantah Komisaris Indofarma Tersangka,21 Januari 2015 15:31 WIB
Indofarma Tunda Lagi Pencairan MTN Rp160 Miliar,20 Januari 2015 14:35 WIB
Yasser Arafat Tertarik pada Dunia Militer,10 Januari 2015 12:20 WIB
Menunggu Gebrakan Kimia Farma & Indofarma,06 Januari 2015 19:17 WIB
Pemerintah Siap Merger INAF & KAEF,09 Desember 2014 02:12 WIB
Indofarma Incar Laba Rp40 M di 2015,02 Desember 2014 22:26 WIB
"Tak Mampu Bayar Utang, Pefindo Turunkan Peringkat Indofarma",02 Desember 2014 19:13 WIB
"Setelah Rugi, INDOFARMA (INAF) Optimistis Akhir Tahun Raih Laba",28 November 2014 01:15 WIB
"Inilah Perbandingan Kinerja Phapros, Kimia Farma dan Indofarma",04 November 2014 07:45 WIB
INDOFARMA (INAF) Tekan Rugi Hingga Rp26 Miliar,29 Oktober 2014 15:46 WIB
Rencana Holding BUMN Farmasi Diyakini Beri Efek Positif,22 Oktober 2014 23:58 WIB
PEFINDO: Peringkat Indofarma (INAF) Diturunkan Akibat Kinerja Jeblok,03 September 2014 21:06 WIB
Pefindo Turunkan Peringkat Indofarma,14 Juli 2014 16:55 WIB
"Kinerja Keuangan: Rugi Bersih Indofarma Membengkak Jadi Rp38,38 Miliar",02 Mei 2014 13:29 WIB
"Kaji Penggabungan BUMN Farmasi, Kimia Farma Tunjuk Mandiri Sekuritas",26 Maret 2014 20:43 WIB
"Orang Kimia Farma ke Indofarma, Bakal Percepat Penggabungan BUMN Farmasi",26 Maret 2014 20:35 WIB
"Direksi Indofarma Dipecat, 'Orang' Kimia Farma Masuk",26 Maret 2014 15:16 WIB
"Indofarma (INAF) Cetak Rugi Bersih Rp54,2 Miliar pada 2013",28 Februari 2014 07:53 WIB
Peringkat Indofarma Turun Menjadi idBBB+,12 Februari 2014 18:44 WIB
"Farmasi Tertekan, Indofarma (INAF) Tetap Yakin Omzet Tembus Rp1,25 Triliun",24 Desember 2013 14:36 WIB
"Banyak yang Berkepentingan, Holding BUMN Farmasi Molor",24 Desember 2013 14:08 WIB
"Rupiah Terpuruk, Indofarma Rugi Bersih Rp61,16 Miliar",24 Desember 2013 07:00 WIB
Indofarma (INAF) Siapkan Belanja Modal Rp205 Miliar,25 November 2013 09:30 WIB
"Rupiah Melemah, Indofarma Belum Revisi Target",02 Oktober 2013 23:58 WIB
Indorama Resmikan Kampus Politeknik Enjinering di Purwakarta,23 September 2013 10:54 WIB
"Rupiah Jeblok, Indofarma Hitung Ulang Harga Produk",29 Agustus 2013 09:04 WIB
"Rupiah Anjlok, Indofarma Tunda Bangun Pabrik dan Terbitkan Surat Utang",29 Agustus 2013 08:59 WIB
Siap-siap Pil KB untuk Pria Segera Beredar,18 Agustus 2013 08:04 WIB
Pefindo Perkuat Rating Indofarma idA-,05 Agustus 2013 14:46 WIB
Jefrie Moza Ditunjuk Jadi Sekretaris Baru Indofarma,01 Agustus 2013 10:58 WIB
Kinerja Kimia Farma & Indofarma Mengecewakan,31 Juli 2013 06:45 WIB
"Laba Bersih Indofarma Anjlok 251%, Apa Penyebabnya?",25 Juli 2013 06:41 WIB
"Beban Usaha Meningkat, Indofarma Lakukan Efisiensi",13 Juli 2013 22:08 WIB
Renovasi Pabrik Indofarma Ditargetkan Rampung Bulan Ini,12 Juli 2013 14:47 WIB
Indofarma Jajaki Pengembangan Obat Kanker,13 Mei 2013 17:58 WIB
"Indofarma Bagikan Dividen Rp1,37 per Saham Pada 22 Mei 2013",16 April 2013 17:06 WIB
"INDOFARMA Bagikan Dividen Rp4,23 Miliar",11 April 2013 17:38 WIB
"INDOFARMA: Kinerja Saham Naik 105%, tetapi Target Penjualan Turun",11 April 2013 17:33 WIB
"INDOFARMA Alokasikan 10% Laba Bersih atau Rp4,2 Miliar untuk Dividen",11 April 2013 16:03 WIB
"INDO FARMA: Merger belum Jelas, Laba bersih Naik 15%",11 April 2013 15:47 WIB
DIRUT INDOFARMA: Elviano Rizaldi Gantikan Djakfarudin Yunus,11 April 2013 15:14 WIB
Djakfarudin Yunus Dicopot Dari Jabatan Dirut Indofarma,11 April 2013 13:34 WIB
HOLDING FARMASI: Konsolidasi Terhambat Penolakan Dari Direksi,09 April 2013 18:16 WIB
"KINERJA EMITEN: Indofarma Cetak Kenaikan Laba 14,81%",08 Maret 2013 09:54 WIB
"KINERJA EMITEN: Laba Bersih Indofarma Naik 14,81%",08 Maret 2013 08:22 WIB
INDUSTRI FARMASI: Indofarma ingin akuisisi Daewoong Riasima,11 Februari 2013 17:49 WIB
INDUSTRI FARMASI: Indofarma ingin akuisisi Daewoong Riasima,11 Februari 2013 17:49 WIB
INDOFARMA: 250 Karyawan Demo ke Kantor Dahlan Iskan Soal Outsourcing,16 Januari 2013 17:18 WIB
"EMITEN FARMASI: Indofarma patok tingkat bunga tetap 9,25%",21 Desember 2012 18:22 WIB
KALBE FARMA: Kinerja Tak Terpengaruh Merger BUMN Farmasi,06 Desember 2012 17:58 WIB
"AKSI KORPORASI: Perkuat Modal kerja, Indofarma Akan Terbitkan MTN Rp200 Miliar",05 September 2012 20:53 WIB
KINERJA KORPORASI: Indofarma tak bagi dividen,15 Mei 2012 16:06 WIB
KINERJA KUARTAL I/2012: Indofarma tergerus beban pajak,06 Mei 2012 11:37 WIB
EKSPANSI INDOFARMA: Jalin aliansi strategis dengan suplier & distributor,25 April 2012 12:06 WIB
LAPORAN KEUANGAN: Laba bersih Indofarma naik 194%,03 April 2012 13:56 WIB
AKSI KORPORASI: Indofarma berpeluang batalkan penerbitan obligasi,12 Maret 2012 17:34 WIB
EMITEN: Indofarma incar dana emisi obligasi Rp300 miliar,05 Maret 2012 15:58 WIB
Indofarma akan terbitkan obligasi Rp500 miliar,19 Februari 2012 14:48 WIB
RADIOFARMAKA: Indofarma berpeluang raup Rp200 miliar,17 Januari 2012 12:35 WIB
Indofarma incar pendapatan tumbuh 50% pada 2012,18 Desember 2011 11:08 WIB
Indofarma berpeluang akuisisi Kimia Farma,18 November 2011 14:48 WIB
Indofarma akan impor langsung bahan baku dari China,15 November 2011 18:14 WIB
Indofarma tunda RUPSLB hingga 28 Desember,14 November 2011 20:13 WIB
Indofarma jadi anak usaha Kimia Farma,30 Oktober 2011 11:42 WIB
Tender pemerintah topang penjualan Indofarma naik 30%,25 Oktober 2011 12:22 WIB
Dividen BUMN Farmasi untuk pemerintah dikurangi,24 Oktober 2011 15:46 WIB
Target eliminasi defisit Indofarma naik menjadi Rp97 miliar,17 Oktober 2011 15:18 WIB
Indofarma minta persetujuan kuasi organisasi,04 Oktober 2011 14:51 WIB
Quasi-reorganization of Indofarma to complete in 3Q/2011,10 Juni 2011 01:31 WIB
Indofarma not to pay dividend,09 Juni 2011 12:13 WIB
"Masih rugi, Indofarma tak bagi dividen",09 Juni 2011 06:56 WIB
"Indofarma incar pertumbuhan 13,3%",24 Mei 2011 05:31 WIB
Indofarma belum berencana realisasi rights issue,17 Februari 2011 11:48 WIB
"Indofarma incar pendapatan Rp1,4 triliun",17 Februari 2011 08:25 WIB
Indofarma FY10 net income to soar 550%,17 Februari 2011 06:08 WIB
